Username,Password,Student ID,First_Name,Last_Name
StudentOne,student001,1,Student,One
StudentTwo,student002,2,Student,Two
StudentThree,student003,3,Student,Three
StudentFour,student004,4,Student,Four
StudentFive,student005,5,Student,Five
StudentSix,student006,6,Student,Six
StudentSeven,student007,7,Student,Seven
StudentEight,student008,8,Student,Eight
StudentNine,student009,9,Student,Nine
StudentTen,student010,10,Student,Ten
StudentEleven,student011,11,Student,Eleven
StudentTwelve,student012,12,Student,Twelve
StudentThirteen,student013,13,Student,Thirteen
StudentFourteen,student014,14,Student,Fourteen
StudentFifteen,student015,Student,Fifteen,Student
